{"cameraMode":{"drawMode":0,"name":"Shaded","section":"Shading Mode"},"sceneLighting":false,"audioPlay":false,"sceneViewState":{"showFog":true,"showMaterialUpdate":false,"showSkybox":false,"showFlares":true,"showImageEffects":true,"showParticleSystems":true},"in2DMode":false,"pivot":{"x":-0.0023756027221679689,"y":2.483339548110962,"z":0.1376279592514038},"rotation":{"x":0.1899062693119049,"y":-0.47622573375701907,"z":0.1061449870467186,"w":0.8519942760467529},"size":4.061201095581055,"orthographic":false}