{"cameraMode":{"drawMode":0,"name":"Shaded","section":"Shading Mode"},"sceneLighting":false,"audioPlay":false,"sceneViewState":{"m_AlwaysRefresh":false,"showFog":true,"showSkybox":false,"showFlares":true,"showImageEffects":true,"showParticleSystems":true,"showVisualEffectGraphs":true,"m_FxEnabled":true},"in2DMode":false,"pivot":{"x":-2.384185791015625e-7,"y":1.0000004768371583,"z":1.7881393432617188e-7},"rotation":{"x":-0.5995166301727295,"y":0.04124513268470764,"z":-0.030966151505708696,"w":-0.7988438606262207},"size":0.8660253882408142,"orthographic":false}