{"cameraMode":{"drawMode":0,"name":"Shaded","section":"Shading Mode"},"sceneLighting":true,"audioPlay":false,"sceneViewState":{"m_AlwaysRefresh":false,"showFog":true,"showSkybox":true,"showFlares":true,"showImageEffects":true,"showParticleSystems":true,"showVisualEffectGraphs":true,"m_FxEnabled":true},"in2DMode":false,"pivot":{"x":19.45502471923828,"y":12.94270133972168,"z":-0.8908042907714844},"rotation":{"x":-0.3679449260234833,"y":0.007529265247285366,"z":-0.0029799474868923427,"w":-0.929814875125885},"size":4.331268310546875,"orthographic":false}